topicId,rank,docId,filename
1,1,10,/home/nitin/Desktop/News/test7_headlines/2014-10-10.txt
1,2,74,/home/nitin/Desktop/News/test7_headlines/2014-12-11.txt
1,3,67,/home/nitin/Desktop/News/test7_headlines/2014-10-09.txt
1,4,37,/home/nitin/Desktop/News/test7_headlines/2014-09-08.txt
1,5,52,/home/nitin/Desktop/News/test7_headlines/2014-09-12.txt
1,6,27,/home/nitin/Desktop/News/test7_headlines/2014-12-12.txt
1,7,56,/home/nitin/Desktop/News/test7_headlines/2014-10-28.txt
1,8,97,/home/nitin/Desktop/News/test7_headlines/2014-09-16.txt
1,9,60,/home/nitin/Desktop/News/test7_headlines/2014-12-02.txt
1,10,68,/home/nitin/Desktop/News/test7_headlines/2014-12-09.txt
1,11,11,/home/nitin/Desktop/News/test7_headlines/2014-09-05.txt
1,12,83,/home/nitin/Desktop/News/test7_headlines/2014-10-27.txt
1,13,81,/home/nitin/Desktop/News/test7_headlines/2014-09-18.txt
1,14,73,/home/nitin/Desktop/News/test7_headlines/2014-09-23.txt
1,15,34,/home/nitin/Desktop/News/test7_headlines/2014-12-04.txt
1,16,38,/home/nitin/Desktop/News/test7_headlines/2014-09-09.txt
1,17,88,/home/nitin/Desktop/News/test7_headlines/2014-09-15.txt
1,18,43,/home/nitin/Desktop/News/test7_headlines/2014-10-08.txt
1,19,26,/home/nitin/Desktop/News/test7_headlines/2014-12-05.txt
1,20,8,/home/nitin/Desktop/News/test7_headlines/2014-12-01.txt
1,21,62,/home/nitin/Desktop/News/test7_headlines/2014-09-19.txt
1,22,14,/home/nitin/Desktop/News/test7_headlines/2014-09-24.txt
1,23,69,/home/nitin/Desktop/News/test7_headlines/2014-09-22.txt
1,24,57,/home/nitin/Desktop/News/test7_headlines/2014-12-08.txt
1,25,30,/home/nitin/Desktop/News/test7_headlines/2014-09-30.txt
1,26,71,/home/nitin/Desktop/News/test7_headlines/2014-12-10.txt
1,27,66,/home/nitin/Desktop/News/test7_headlines/2014-12-03.txt
1,28,76,/home/nitin/Desktop/News/test7_headlines/2014-09-25.txt
1,29,96,/home/nitin/Desktop/News/test7_headlines/2014-11-11.txt
1,30,39,/home/nitin/Desktop/News/test7_headlines/2014-10-07.txt
1,31,5,/home/nitin/Desktop/News/test7_headlines/2014-11-05.txt
1,32,70,/home/nitin/Desktop/News/test7_headlines/2014-10-01.txt
1,33,22,/home/nitin/Desktop/News/test7_headlines/2014-09-17.txt
1,34,32,/home/nitin/Desktop/News/test7_headlines/2014-11-03.txt
1,35,1,/home/nitin/Desktop/News/test7_headlines/2014-09-29.txt
1,36,59,/home/nitin/Desktop/News/test7_headlines/2014-10-29.txt
1,37,40,/home/nitin/Desktop/News/test7_headlines/2014-11-28.txt
1,38,89,/home/nitin/Desktop/News/test7_headlines/2014-11-12.txt
1,39,3,/home/nitin/Desktop/News/test7_headlines/2014-10-31.txt
1,40,7,/home/nitin/Desktop/News/test7_headlines/2014-11-04.txt
1,41,21,/home/nitin/Desktop/News/test7_headlines/2014-10-13.txt
1,42,16,/home/nitin/Desktop/News/test7_headlines/2014-11-13.txt
1,43,45,/home/nitin/Desktop/News/test7_headlines/2014-10-02.txt
1,44,2,/home/nitin/Desktop/News/test7_headlines/2014-10-06.txt
1,45,49,/home/nitin/Desktop/News/test7_headlines/2014-11-20.txt
1,46,63,/home/nitin/Desktop/News/test7_headlines/2014-09-06.txt
1,47,12,/home/nitin/Desktop/News/test7_headlines/2014-11-06.txt
1,48,65,/home/nitin/Desktop/News/test7_headlines/2014-10-30.txt
1,49,91,/home/nitin/Desktop/News/test7_headlines/2014-11-14.txt
1,50,86,/home/nitin/Desktop/News/test7_headlines/2014-09-02.txt
1,51,15,/home/nitin/Desktop/News/test7_headlines/2014-11-19.txt
1,52,58,/home/nitin/Desktop/News/test7_headlines/2014-10-03.txt
1,53,31,/home/nitin/Desktop/News/test7_headlines/2014-11-07.txt
1,54,25,/home/nitin/Desktop/News/test7_headlines/2014-10-14.txt
1,55,75,/home/nitin/Desktop/News/test7_headlines/2014-11-10.txt
1,56,54,/home/nitin/Desktop/News/test7_headlines/2014-09-13.txt
1,57,95,/home/nitin/Desktop/News/test7_headlines/2014-09-20.txt
1,58,29,/home/nitin/Desktop/News/test7_headlines/2014-12-06.txt
1,59,72,/home/nitin/Desktop/News/test7_headlines/2014-10-15.txt
1,60,4,/home/nitin/Desktop/News/test7_headlines/2014-11-21.txt
1,61,17,/home/nitin/Desktop/News/test7_headlines/2014-10-20.txt
1,62,42,/home/nitin/Desktop/News/test7_headlines/2014-12-13.txt
1,63,77,/home/nitin/Desktop/News/test7_headlines/2014-09-11.txt
1,64,23,/home/nitin/Desktop/News/test7_headlines/2014-10-11.txt
1,65,47,/home/nitin/Desktop/News/test7_headlines/2014-11-01.txt
1,66,85,/home/nitin/Desktop/News/test7_headlines/2014-09-14.txt
1,67,78,/home/nitin/Desktop/News/test7_headlines/2014-10-25.txt
1,68,79,/home/nitin/Desktop/News/test7_headlines/2014-12-15.txt
1,69,53,/home/nitin/Desktop/News/test7_headlines/2014-09-21.txt
1,70,90,/home/nitin/Desktop/News/test7_headlines/2014-12-14.txt
1,71,41,/home/nitin/Desktop/News/test7_headlines/2014-10-05.txt
1,72,94,/home/nitin/Desktop/News/test7_headlines/2014-10-04.txt
1,73,48,/home/nitin/Desktop/News/test7_headlines/2014-10-26.txt
1,74,93,/home/nitin/Desktop/News/test7_headlines/2014-12-07.txt
1,75,28,/home/nitin/Desktop/News/test7_headlines/2014-11-30.txt
1,76,51,/home/nitin/Desktop/News/test7_headlines/2014-11-29.txt
1,77,61,/home/nitin/Desktop/News/test7_headlines/2014-10-12.txt
1,78,80,/home/nitin/Desktop/News/test7_headlines/2014-09-28.txt
1,79,92,/home/nitin/Desktop/News/test7_headlines/2014-11-15.txt
1,80,64,/home/nitin/Desktop/News/test7_headlines/2014-11-02.txt
1,81,82,/home/nitin/Desktop/News/test7_headlines/2014-10-24.txt
1,82,50,/home/nitin/Desktop/News/test7_headlines/2014-09-26.txt
1,83,33,/home/nitin/Desktop/News/test7_headlines/2014-10-18.txt
1,84,6,/home/nitin/Desktop/News/test7_headlines/2014-10-16.txt
1,85,55,/home/nitin/Desktop/News/test7_headlines/2014-11-17.txt
1,86,87,/home/nitin/Desktop/News/test7_headlines/2014-11-16.txt
1,87,46,/home/nitin/Desktop/News/test7_headlines/2014-11-22.txt
1,88,19,/home/nitin/Desktop/News/test7_headlines/2014-09-27.txt
1,89,36,/home/nitin/Desktop/News/test7_headlines/2014-10-19.txt
1,90,84,/home/nitin/Desktop/News/test7_headlines/2014-11-09.txt
1,91,18,/home/nitin/Desktop/News/test7_headlines/2014-10-21.txt
1,92,13,/home/nitin/Desktop/News/test7_headlines/2014-09-01.txt
1,93,20,/home/nitin/Desktop/News/test7_headlines/2014-09-04.txt
1,94,44,/home/nitin/Desktop/News/test7_headlines/2014-09-03.txt
1,95,35,/home/nitin/Desktop/News/test7_headlines/2014-10-22.txt
1,96,24,/home/nitin/Desktop/News/test7_headlines/2014-10-23.txt
1,97,9,/home/nitin/Desktop/News/test7_headlines/2014-11-18.txt
2,1,97,/home/nitin/Desktop/News/test7_headlines/2014-09-16.txt
2,2,52,/home/nitin/Desktop/News/test7_headlines/2014-09-12.txt
2,3,96,/home/nitin/Desktop/News/test7_headlines/2014-11-11.txt
2,4,37,/home/nitin/Desktop/News/test7_headlines/2014-09-08.txt
2,5,88,/home/nitin/Desktop/News/test7_headlines/2014-09-15.txt
2,6,60,/home/nitin/Desktop/News/test7_headlines/2014-12-02.txt
2,7,11,/home/nitin/Desktop/News/test7_headlines/2014-09-05.txt
2,8,8,/home/nitin/Desktop/News/test7_headlines/2014-12-01.txt
2,9,89,/home/nitin/Desktop/News/test7_headlines/2014-11-12.txt
2,10,34,/home/nitin/Desktop/News/test7_headlines/2014-12-04.txt
2,11,38,/home/nitin/Desktop/News/test7_headlines/2014-09-09.txt
2,12,5,/home/nitin/Desktop/News/test7_headlines/2014-11-05.txt
2,13,16,/home/nitin/Desktop/News/test7_headlines/2014-11-13.txt
2,14,57,/home/nitin/Desktop/News/test7_headlines/2014-12-08.txt
2,15,81,/home/nitin/Desktop/News/test7_headlines/2014-09-18.txt
2,16,63,/home/nitin/Desktop/News/test7_headlines/2014-09-06.txt
2,17,91,/home/nitin/Desktop/News/test7_headlines/2014-11-14.txt
2,18,66,/home/nitin/Desktop/News/test7_headlines/2014-12-03.txt
2,19,69,/home/nitin/Desktop/News/test7_headlines/2014-09-22.txt
2,20,30,/home/nitin/Desktop/News/test7_headlines/2014-09-30.txt
2,21,74,/home/nitin/Desktop/News/test7_headlines/2014-12-11.txt
2,22,7,/home/nitin/Desktop/News/test7_headlines/2014-11-04.txt
2,23,54,/home/nitin/Desktop/News/test7_headlines/2014-09-13.txt
2,24,3,/home/nitin/Desktop/News/test7_headlines/2014-10-31.txt
2,25,68,/home/nitin/Desktop/News/test7_headlines/2014-12-09.txt
2,26,27,/home/nitin/Desktop/News/test7_headlines/2014-12-12.txt
2,27,62,/home/nitin/Desktop/News/test7_headlines/2014-09-19.txt
2,28,67,/home/nitin/Desktop/News/test7_headlines/2014-10-09.txt
2,29,83,/home/nitin/Desktop/News/test7_headlines/2014-10-27.txt
2,30,12,/home/nitin/Desktop/News/test7_headlines/2014-11-06.txt
2,31,73,/home/nitin/Desktop/News/test7_headlines/2014-09-23.txt
2,32,75,/home/nitin/Desktop/News/test7_headlines/2014-11-10.txt
2,33,56,/home/nitin/Desktop/News/test7_headlines/2014-10-28.txt
2,34,22,/home/nitin/Desktop/News/test7_headlines/2014-09-17.txt
2,35,1,/home/nitin/Desktop/News/test7_headlines/2014-09-29.txt
2,36,28,/home/nitin/Desktop/News/test7_headlines/2014-11-30.txt
2,37,26,/home/nitin/Desktop/News/test7_headlines/2014-12-05.txt
2,38,85,/home/nitin/Desktop/News/test7_headlines/2014-09-14.txt
2,39,32,/home/nitin/Desktop/News/test7_headlines/2014-11-03.txt
2,40,10,/home/nitin/Desktop/News/test7_headlines/2014-10-10.txt
2,41,51,/home/nitin/Desktop/News/test7_headlines/2014-11-29.txt
2,42,2,/home/nitin/Desktop/News/test7_headlines/2014-10-06.txt
2,43,40,/home/nitin/Desktop/News/test7_headlines/2014-11-28.txt
2,44,71,/home/nitin/Desktop/News/test7_headlines/2014-12-10.txt
2,45,76,/home/nitin/Desktop/News/test7_headlines/2014-09-25.txt
2,46,70,/home/nitin/Desktop/News/test7_headlines/2014-10-01.txt
2,47,92,/home/nitin/Desktop/News/test7_headlines/2014-11-15.txt
2,48,45,/home/nitin/Desktop/News/test7_headlines/2014-10-02.txt
2,49,14,/home/nitin/Desktop/News/test7_headlines/2014-09-24.txt
2,50,39,/home/nitin/Desktop/News/test7_headlines/2014-10-07.txt
2,51,47,/home/nitin/Desktop/News/test7_headlines/2014-11-01.txt
2,52,43,/home/nitin/Desktop/News/test7_headlines/2014-10-08.txt
2,53,93,/home/nitin/Desktop/News/test7_headlines/2014-12-07.txt
2,54,49,/home/nitin/Desktop/News/test7_headlines/2014-11-20.txt
2,55,48,/home/nitin/Desktop/News/test7_headlines/2014-10-26.txt
2,56,15,/home/nitin/Desktop/News/test7_headlines/2014-11-19.txt
2,57,31,/home/nitin/Desktop/News/test7_headlines/2014-11-07.txt
2,58,86,/home/nitin/Desktop/News/test7_headlines/2014-09-02.txt
2,59,65,/home/nitin/Desktop/News/test7_headlines/2014-10-30.txt
2,60,95,/home/nitin/Desktop/News/test7_headlines/2014-09-20.txt
2,61,59,/home/nitin/Desktop/News/test7_headlines/2014-10-29.txt
2,62,87,/home/nitin/Desktop/News/test7_headlines/2014-11-16.txt
2,63,53,/home/nitin/Desktop/News/test7_headlines/2014-09-21.txt
2,64,58,/home/nitin/Desktop/News/test7_headlines/2014-10-03.txt
2,65,64,/home/nitin/Desktop/News/test7_headlines/2014-11-02.txt
2,66,80,/home/nitin/Desktop/News/test7_headlines/2014-09-28.txt
2,67,41,/home/nitin/Desktop/News/test7_headlines/2014-10-05.txt
2,68,29,/home/nitin/Desktop/News/test7_headlines/2014-12-06.txt
2,69,84,/home/nitin/Desktop/News/test7_headlines/2014-11-09.txt
2,70,78,/home/nitin/Desktop/News/test7_headlines/2014-10-25.txt
2,71,90,/home/nitin/Desktop/News/test7_headlines/2014-12-14.txt
2,72,42,/home/nitin/Desktop/News/test7_headlines/2014-12-13.txt
2,73,4,/home/nitin/Desktop/News/test7_headlines/2014-11-21.txt
2,74,77,/home/nitin/Desktop/News/test7_headlines/2014-09-11.txt
2,75,94,/home/nitin/Desktop/News/test7_headlines/2014-10-04.txt
2,76,72,/home/nitin/Desktop/News/test7_headlines/2014-10-15.txt
2,77,17,/home/nitin/Desktop/News/test7_headlines/2014-10-20.txt
2,78,21,/home/nitin/Desktop/News/test7_headlines/2014-10-13.txt
2,79,55,/home/nitin/Desktop/News/test7_headlines/2014-11-17.txt
2,80,82,/home/nitin/Desktop/News/test7_headlines/2014-10-24.txt
2,81,25,/home/nitin/Desktop/News/test7_headlines/2014-10-14.txt
2,82,36,/home/nitin/Desktop/News/test7_headlines/2014-10-19.txt
2,83,19,/home/nitin/Desktop/News/test7_headlines/2014-09-27.txt
2,84,23,/home/nitin/Desktop/News/test7_headlines/2014-10-11.txt
2,85,61,/home/nitin/Desktop/News/test7_headlines/2014-10-12.txt
2,86,46,/home/nitin/Desktop/News/test7_headlines/2014-11-22.txt
2,87,79,/home/nitin/Desktop/News/test7_headlines/2014-12-15.txt
2,88,50,/home/nitin/Desktop/News/test7_headlines/2014-09-26.txt
2,89,33,/home/nitin/Desktop/News/test7_headlines/2014-10-18.txt
2,90,18,/home/nitin/Desktop/News/test7_headlines/2014-10-21.txt
2,91,6,/home/nitin/Desktop/News/test7_headlines/2014-10-16.txt
2,92,13,/home/nitin/Desktop/News/test7_headlines/2014-09-01.txt
2,93,24,/home/nitin/Desktop/News/test7_headlines/2014-10-23.txt
2,94,35,/home/nitin/Desktop/News/test7_headlines/2014-10-22.txt
2,95,20,/home/nitin/Desktop/News/test7_headlines/2014-09-04.txt
2,96,44,/home/nitin/Desktop/News/test7_headlines/2014-09-03.txt
2,97,9,/home/nitin/Desktop/News/test7_headlines/2014-11-18.txt
3,1,83,/home/nitin/Desktop/News/test7_headlines/2014-10-27.txt
3,2,56,/home/nitin/Desktop/News/test7_headlines/2014-10-28.txt
3,3,48,/home/nitin/Desktop/News/test7_headlines/2014-10-26.txt
3,4,78,/home/nitin/Desktop/News/test7_headlines/2014-10-25.txt
3,5,59,/home/nitin/Desktop/News/test7_headlines/2014-10-29.txt
3,6,65,/home/nitin/Desktop/News/test7_headlines/2014-10-30.txt
3,7,3,/home/nitin/Desktop/News/test7_headlines/2014-10-31.txt
3,8,8,/home/nitin/Desktop/News/test7_headlines/2014-12-01.txt
3,9,32,/home/nitin/Desktop/News/test7_headlines/2014-11-03.txt
3,10,34,/home/nitin/Desktop/News/test7_headlines/2014-12-04.txt
3,11,7,/home/nitin/Desktop/News/test7_headlines/2014-11-04.txt
3,12,96,/home/nitin/Desktop/News/test7_headlines/2014-11-11.txt
3,13,82,/home/nitin/Desktop/News/test7_headlines/2014-10-24.txt
3,14,28,/home/nitin/Desktop/News/test7_headlines/2014-11-30.txt
3,15,47,/home/nitin/Desktop/News/test7_headlines/2014-11-01.txt
3,16,27,/home/nitin/Desktop/News/test7_headlines/2014-12-12.txt
3,17,12,/home/nitin/Desktop/News/test7_headlines/2014-11-06.txt
3,18,60,/home/nitin/Desktop/News/test7_headlines/2014-12-02.txt
3,19,66,/home/nitin/Desktop/News/test7_headlines/2014-12-03.txt
3,20,5,/home/nitin/Desktop/News/test7_headlines/2014-11-05.txt
3,21,11,/home/nitin/Desktop/News/test7_headlines/2014-09-05.txt
3,22,69,/home/nitin/Desktop/News/test7_headlines/2014-09-22.txt
3,23,67,/home/nitin/Desktop/News/test7_headlines/2014-10-09.txt
3,24,64,/home/nitin/Desktop/News/test7_headlines/2014-11-02.txt
3,25,81,/home/nitin/Desktop/News/test7_headlines/2014-09-18.txt
3,26,16,/home/nitin/Desktop/News/test7_headlines/2014-11-13.txt
3,27,76,/home/nitin/Desktop/News/test7_headlines/2014-09-25.txt
3,28,45,/home/nitin/Desktop/News/test7_headlines/2014-10-02.txt
3,29,73,/home/nitin/Desktop/News/test7_headlines/2014-09-23.txt
3,30,52,/home/nitin/Desktop/News/test7_headlines/2014-09-12.txt
3,31,15,/home/nitin/Desktop/News/test7_headlines/2014-11-19.txt
3,32,51,/home/nitin/Desktop/News/test7_headlines/2014-11-29.txt
3,33,88,/home/nitin/Desktop/News/test7_headlines/2014-09-15.txt
3,34,68,/home/nitin/Desktop/News/test7_headlines/2014-12-09.txt
3,35,31,/home/nitin/Desktop/News/test7_headlines/2014-11-07.txt
3,36,37,/home/nitin/Desktop/News/test7_headlines/2014-09-08.txt
3,37,49,/home/nitin/Desktop/News/test7_headlines/2014-11-20.txt
3,38,26,/home/nitin/Desktop/News/test7_headlines/2014-12-05.txt
3,39,63,/home/nitin/Desktop/News/test7_headlines/2014-09-06.txt
3,40,42,/home/nitin/Desktop/News/test7_headlines/2014-12-13.txt
3,41,30,/home/nitin/Desktop/News/test7_headlines/2014-09-30.txt
3,42,40,/home/nitin/Desktop/News/test7_headlines/2014-11-28.txt
3,43,97,/home/nitin/Desktop/News/test7_headlines/2014-09-16.txt
3,44,1,/home/nitin/Desktop/News/test7_headlines/2014-09-29.txt
3,45,38,/home/nitin/Desktop/News/test7_headlines/2014-09-09.txt
3,46,2,/home/nitin/Desktop/News/test7_headlines/2014-10-06.txt
3,47,17,/home/nitin/Desktop/News/test7_headlines/2014-10-20.txt
3,48,43,/home/nitin/Desktop/News/test7_headlines/2014-10-08.txt
3,49,36,/home/nitin/Desktop/News/test7_headlines/2014-10-19.txt
3,50,91,/home/nitin/Desktop/News/test7_headlines/2014-11-14.txt
3,51,93,/home/nitin/Desktop/News/test7_headlines/2014-12-07.txt
3,52,89,/home/nitin/Desktop/News/test7_headlines/2014-11-12.txt
3,53,14,/home/nitin/Desktop/News/test7_headlines/2014-09-24.txt
3,54,58,/home/nitin/Desktop/News/test7_headlines/2014-10-03.txt
3,55,90,/home/nitin/Desktop/News/test7_headlines/2014-12-14.txt
3,56,22,/home/nitin/Desktop/News/test7_headlines/2014-09-17.txt
3,57,70,/home/nitin/Desktop/News/test7_headlines/2014-10-01.txt
3,58,54,/home/nitin/Desktop/News/test7_headlines/2014-09-13.txt
3,59,74,/home/nitin/Desktop/News/test7_headlines/2014-12-11.txt
3,60,4,/home/nitin/Desktop/News/test7_headlines/2014-11-21.txt
3,61,92,/home/nitin/Desktop/News/test7_headlines/2014-11-15.txt
3,62,57,/home/nitin/Desktop/News/test7_headlines/2014-12-08.txt
3,63,10,/home/nitin/Desktop/News/test7_headlines/2014-10-10.txt
3,64,62,/home/nitin/Desktop/News/test7_headlines/2014-09-19.txt
3,65,71,/home/nitin/Desktop/News/test7_headlines/2014-12-10.txt
3,66,80,/home/nitin/Desktop/News/test7_headlines/2014-09-28.txt
3,67,33,/home/nitin/Desktop/News/test7_headlines/2014-10-18.txt
3,68,39,/home/nitin/Desktop/News/test7_headlines/2014-10-07.txt
3,69,75,/home/nitin/Desktop/News/test7_headlines/2014-11-10.txt
3,70,53,/home/nitin/Desktop/News/test7_headlines/2014-09-21.txt
3,71,41,/home/nitin/Desktop/News/test7_headlines/2014-10-05.txt
3,72,94,/home/nitin/Desktop/News/test7_headlines/2014-10-04.txt
3,73,72,/home/nitin/Desktop/News/test7_headlines/2014-10-15.txt
3,74,29,/home/nitin/Desktop/News/test7_headlines/2014-12-06.txt
3,75,85,/home/nitin/Desktop/News/test7_headlines/2014-09-14.txt
3,76,87,/home/nitin/Desktop/News/test7_headlines/2014-11-16.txt
3,77,95,/home/nitin/Desktop/News/test7_headlines/2014-09-20.txt
3,78,84,/home/nitin/Desktop/News/test7_headlines/2014-11-09.txt
3,79,21,/home/nitin/Desktop/News/test7_headlines/2014-10-13.txt
3,80,86,/home/nitin/Desktop/News/test7_headlines/2014-09-02.txt
3,81,46,/home/nitin/Desktop/News/test7_headlines/2014-11-22.txt
3,82,55,/home/nitin/Desktop/News/test7_headlines/2014-11-17.txt
3,83,25,/home/nitin/Desktop/News/test7_headlines/2014-10-14.txt
3,84,18,/home/nitin/Desktop/News/test7_headlines/2014-10-21.txt
3,85,77,/home/nitin/Desktop/News/test7_headlines/2014-09-11.txt
3,86,79,/home/nitin/Desktop/News/test7_headlines/2014-12-15.txt
3,87,61,/home/nitin/Desktop/News/test7_headlines/2014-10-12.txt
3,88,23,/home/nitin/Desktop/News/test7_headlines/2014-10-11.txt
3,89,19,/home/nitin/Desktop/News/test7_headlines/2014-09-27.txt
3,90,50,/home/nitin/Desktop/News/test7_headlines/2014-09-26.txt
3,91,6,/home/nitin/Desktop/News/test7_headlines/2014-10-16.txt
3,92,35,/home/nitin/Desktop/News/test7_headlines/2014-10-22.txt
3,93,13,/home/nitin/Desktop/News/test7_headlines/2014-09-01.txt
3,94,44,/home/nitin/Desktop/News/test7_headlines/2014-09-03.txt
3,95,24,/home/nitin/Desktop/News/test7_headlines/2014-10-23.txt
3,96,20,/home/nitin/Desktop/News/test7_headlines/2014-09-04.txt
3,97,9,/home/nitin/Desktop/News/test7_headlines/2014-11-18.txt
4,1,67,/home/nitin/Desktop/News/test7_headlines/2014-10-09.txt
4,2,10,/home/nitin/Desktop/News/test7_headlines/2014-10-10.txt
4,3,2,/home/nitin/Desktop/News/test7_headlines/2014-10-06.txt
4,4,39,/home/nitin/Desktop/News/test7_headlines/2014-10-07.txt
4,5,7,/home/nitin/Desktop/News/test7_headlines/2014-11-04.txt
4,6,5,/home/nitin/Desktop/News/test7_headlines/2014-11-05.txt
4,7,32,/home/nitin/Desktop/News/test7_headlines/2014-11-03.txt
4,8,43,/home/nitin/Desktop/News/test7_headlines/2014-10-08.txt
4,9,12,/home/nitin/Desktop/News/test7_headlines/2014-11-06.txt
4,10,3,/home/nitin/Desktop/News/test7_headlines/2014-10-31.txt
4,11,47,/home/nitin/Desktop/News/test7_headlines/2014-11-01.txt
4,12,64,/home/nitin/Desktop/News/test7_headlines/2014-11-02.txt
4,13,94,/home/nitin/Desktop/News/test7_headlines/2014-10-04.txt
4,14,58,/home/nitin/Desktop/News/test7_headlines/2014-10-03.txt
4,15,96,/home/nitin/Desktop/News/test7_headlines/2014-11-11.txt
4,16,48,/home/nitin/Desktop/News/test7_headlines/2014-10-26.txt
4,17,41,/home/nitin/Desktop/News/test7_headlines/2014-10-05.txt
4,18,45,/home/nitin/Desktop/News/test7_headlines/2014-10-02.txt
4,19,78,/home/nitin/Desktop/News/test7_headlines/2014-10-25.txt
4,20,23,/home/nitin/Desktop/News/test7_headlines/2014-10-11.txt
4,21,83,/home/nitin/Desktop/News/test7_headlines/2014-10-27.txt
4,22,61,/home/nitin/Desktop/News/test7_headlines/2014-10-12.txt
4,23,21,/home/nitin/Desktop/News/test7_headlines/2014-10-13.txt
4,24,16,/home/nitin/Desktop/News/test7_headlines/2014-11-13.txt
4,25,89,/home/nitin/Desktop/News/test7_headlines/2014-11-12.txt
4,26,72,/home/nitin/Desktop/News/test7_headlines/2014-10-15.txt
4,27,56,/home/nitin/Desktop/News/test7_headlines/2014-10-28.txt
4,28,59,/home/nitin/Desktop/News/test7_headlines/2014-10-29.txt
4,29,65,/home/nitin/Desktop/News/test7_headlines/2014-10-30.txt
4,30,31,/home/nitin/Desktop/News/test7_headlines/2014-11-07.txt
4,31,91,/home/nitin/Desktop/News/test7_headlines/2014-11-14.txt
4,32,36,/home/nitin/Desktop/News/test7_headlines/2014-10-19.txt
4,33,17,/home/nitin/Desktop/News/test7_headlines/2014-10-20.txt
4,34,75,/home/nitin/Desktop/News/test7_headlines/2014-11-10.txt
4,35,70,/home/nitin/Desktop/News/test7_headlines/2014-10-01.txt
4,36,25,/home/nitin/Desktop/News/test7_headlines/2014-10-14.txt
4,37,68,/home/nitin/Desktop/News/test7_headlines/2014-12-09.txt
4,38,14,/home/nitin/Desktop/News/test7_headlines/2014-09-24.txt
4,39,73,/home/nitin/Desktop/News/test7_headlines/2014-09-23.txt
4,40,8,/home/nitin/Desktop/News/test7_headlines/2014-12-01.txt
4,41,30,/home/nitin/Desktop/News/test7_headlines/2014-09-30.txt
4,42,76,/home/nitin/Desktop/News/test7_headlines/2014-09-25.txt
4,43,81,/home/nitin/Desktop/News/test7_headlines/2014-09-18.txt
4,44,1,/home/nitin/Desktop/News/test7_headlines/2014-09-29.txt
4,45,37,/home/nitin/Desktop/News/test7_headlines/2014-09-08.txt
4,46,69,/home/nitin/Desktop/News/test7_headlines/2014-09-22.txt
4,47,97,/home/nitin/Desktop/News/test7_headlines/2014-09-16.txt
4,48,49,/home/nitin/Desktop/News/test7_headlines/2014-11-20.txt
4,49,52,/home/nitin/Desktop/News/test7_headlines/2014-09-12.txt
4,50,38,/home/nitin/Desktop/News/test7_headlines/2014-09-09.txt
4,51,71,/home/nitin/Desktop/News/test7_headlines/2014-12-10.txt
4,52,84,/home/nitin/Desktop/News/test7_headlines/2014-11-09.txt
4,53,60,/home/nitin/Desktop/News/test7_headlines/2014-12-02.txt
4,54,66,/home/nitin/Desktop/News/test7_headlines/2014-12-03.txt
4,55,11,/home/nitin/Desktop/News/test7_headlines/2014-09-05.txt
4,56,27,/home/nitin/Desktop/News/test7_headlines/2014-12-12.txt
4,57,88,/home/nitin/Desktop/News/test7_headlines/2014-09-15.txt
4,58,54,/home/nitin/Desktop/News/test7_headlines/2014-09-13.txt
4,59,63,/home/nitin/Desktop/News/test7_headlines/2014-09-06.txt
4,60,15,/home/nitin/Desktop/News/test7_headlines/2014-11-19.txt
4,61,92,/home/nitin/Desktop/News/test7_headlines/2014-11-15.txt
4,62,28,/home/nitin/Desktop/News/test7_headlines/2014-11-30.txt
4,63,26,/home/nitin/Desktop/News/test7_headlines/2014-12-05.txt
4,64,22,/home/nitin/Desktop/News/test7_headlines/2014-09-17.txt
4,65,95,/home/nitin/Desktop/News/test7_headlines/2014-09-20.txt
4,66,29,/home/nitin/Desktop/News/test7_headlines/2014-12-06.txt
4,67,51,/home/nitin/Desktop/News/test7_headlines/2014-11-29.txt
4,68,80,/home/nitin/Desktop/News/test7_headlines/2014-09-28.txt
4,69,62,/home/nitin/Desktop/News/test7_headlines/2014-09-19.txt
4,70,74,/home/nitin/Desktop/News/test7_headlines/2014-12-11.txt
4,71,82,/home/nitin/Desktop/News/test7_headlines/2014-10-24.txt
4,72,87,/home/nitin/Desktop/News/test7_headlines/2014-11-16.txt
4,73,34,/home/nitin/Desktop/News/test7_headlines/2014-12-04.txt
4,74,53,/home/nitin/Desktop/News/test7_headlines/2014-09-21.txt
4,75,57,/home/nitin/Desktop/News/test7_headlines/2014-12-08.txt
4,76,33,/home/nitin/Desktop/News/test7_headlines/2014-10-18.txt
4,77,85,/home/nitin/Desktop/News/test7_headlines/2014-09-14.txt
4,78,40,/home/nitin/Desktop/News/test7_headlines/2014-11-28.txt
4,79,93,/home/nitin/Desktop/News/test7_headlines/2014-12-07.txt
4,80,90,/home/nitin/Desktop/News/test7_headlines/2014-12-14.txt
4,81,42,/home/nitin/Desktop/News/test7_headlines/2014-12-13.txt
4,82,4,/home/nitin/Desktop/News/test7_headlines/2014-11-21.txt
4,83,46,/home/nitin/Desktop/News/test7_headlines/2014-11-22.txt
4,84,6,/home/nitin/Desktop/News/test7_headlines/2014-10-16.txt
4,85,55,/home/nitin/Desktop/News/test7_headlines/2014-11-17.txt
4,86,86,/home/nitin/Desktop/News/test7_headlines/2014-09-02.txt
4,87,19,/home/nitin/Desktop/News/test7_headlines/2014-09-27.txt
4,88,77,/home/nitin/Desktop/News/test7_headlines/2014-09-11.txt
4,89,18,/home/nitin/Desktop/News/test7_headlines/2014-10-21.txt
4,90,50,/home/nitin/Desktop/News/test7_headlines/2014-09-26.txt
4,91,79,/home/nitin/Desktop/News/test7_headlines/2014-12-15.txt
4,92,35,/home/nitin/Desktop/News/test7_headlines/2014-10-22.txt
4,93,24,/home/nitin/Desktop/News/test7_headlines/2014-10-23.txt
4,94,13,/home/nitin/Desktop/News/test7_headlines/2014-09-01.txt
4,95,44,/home/nitin/Desktop/News/test7_headlines/2014-09-03.txt
4,96,20,/home/nitin/Desktop/News/test7_headlines/2014-09-04.txt
4,97,9,/home/nitin/Desktop/News/test7_headlines/2014-11-18.txt
5,1,30,/home/nitin/Desktop/News/test7_headlines/2014-09-30.txt
5,2,1,/home/nitin/Desktop/News/test7_headlines/2014-09-29.txt
5,3,45,/home/nitin/Desktop/News/test7_headlines/2014-10-02.txt
5,4,70,/home/nitin/Desktop/News/test7_headlines/2014-10-01.txt
5,5,58,/home/nitin/Desktop/News/test7_headlines/2014-10-03.txt
5,6,80,/home/nitin/Desktop/News/test7_headlines/2014-09-28.txt
5,7,2,/home/nitin/Desktop/News/test7_headlines/2014-10-06.txt
5,8,94,/home/nitin/Desktop/News/test7_headlines/2014-10-04.txt
5,9,39,/home/nitin/Desktop/News/test7_headlines/2014-10-07.txt
5,10,41,/home/nitin/Desktop/News/test7_headlines/2014-10-05.txt
5,11,67,/home/nitin/Desktop/News/test7_headlines/2014-10-09.txt
5,12,76,/home/nitin/Desktop/News/test7_headlines/2014-09-25.txt
5,13,10,/home/nitin/Desktop/News/test7_headlines/2014-10-10.txt
5,14,78,/home/nitin/Desktop/News/test7_headlines/2014-10-25.txt
5,15,19,/home/nitin/Desktop/News/test7_headlines/2014-09-27.txt
5,16,48,/home/nitin/Desktop/News/test7_headlines/2014-10-26.txt
5,17,43,/home/nitin/Desktop/News/test7_headlines/2014-10-08.txt
5,18,73,/home/nitin/Desktop/News/test7_headlines/2014-09-23.txt
5,19,14,/home/nitin/Desktop/News/test7_headlines/2014-09-24.txt
5,20,69,/home/nitin/Desktop/News/test7_headlines/2014-09-22.txt
5,21,11,/home/nitin/Desktop/News/test7_headlines/2014-09-05.txt
5,22,91,/home/nitin/Desktop/News/test7_headlines/2014-11-14.txt
5,23,83,/home/nitin/Desktop/News/test7_headlines/2014-10-27.txt
5,24,92,/home/nitin/Desktop/News/test7_headlines/2014-11-15.txt
5,25,96,/home/nitin/Desktop/News/test7_headlines/2014-11-11.txt
5,26,16,/home/nitin/Desktop/News/test7_headlines/2014-11-13.txt
5,27,81,/home/nitin/Desktop/News/test7_headlines/2014-09-18.txt
5,28,12,/home/nitin/Desktop/News/test7_headlines/2014-11-06.txt
5,29,87,/home/nitin/Desktop/News/test7_headlines/2014-11-16.txt
5,30,63,/home/nitin/Desktop/News/test7_headlines/2014-09-06.txt
5,31,38,/home/nitin/Desktop/News/test7_headlines/2014-09-09.txt
5,32,56,/home/nitin/Desktop/News/test7_headlines/2014-10-28.txt
5,33,88,/home/nitin/Desktop/News/test7_headlines/2014-09-15.txt
5,34,60,/home/nitin/Desktop/News/test7_headlines/2014-12-02.txt
5,35,68,/home/nitin/Desktop/News/test7_headlines/2014-12-09.txt
5,36,52,/home/nitin/Desktop/News/test7_headlines/2014-09-12.txt
5,37,47,/home/nitin/Desktop/News/test7_headlines/2014-11-01.txt
5,38,74,/home/nitin/Desktop/News/test7_headlines/2014-12-11.txt
5,39,28,/home/nitin/Desktop/News/test7_headlines/2014-11-30.txt
5,40,8,/home/nitin/Desktop/News/test7_headlines/2014-12-01.txt
5,41,53,/home/nitin/Desktop/News/test7_headlines/2014-09-21.txt
5,42,31,/home/nitin/Desktop/News/test7_headlines/2014-11-07.txt
5,43,37,/home/nitin/Desktop/News/test7_headlines/2014-09-08.txt
5,44,57,/home/nitin/Desktop/News/test7_headlines/2014-12-08.txt
5,45,97,/home/nitin/Desktop/News/test7_headlines/2014-09-16.txt
5,46,62,/home/nitin/Desktop/News/test7_headlines/2014-09-19.txt
5,47,3,/home/nitin/Desktop/News/test7_headlines/2014-10-31.txt
5,48,89,/home/nitin/Desktop/News/test7_headlines/2014-11-12.txt
5,49,7,/home/nitin/Desktop/News/test7_headlines/2014-11-04.txt
5,50,66,/home/nitin/Desktop/News/test7_headlines/2014-12-03.txt
5,51,23,/home/nitin/Desktop/News/test7_headlines/2014-10-11.txt
5,52,32,/home/nitin/Desktop/News/test7_headlines/2014-11-03.txt
5,53,34,/home/nitin/Desktop/News/test7_headlines/2014-12-04.txt
5,54,5,/home/nitin/Desktop/News/test7_headlines/2014-11-05.txt
5,55,27,/home/nitin/Desktop/News/test7_headlines/2014-12-12.txt
5,56,26,/home/nitin/Desktop/News/test7_headlines/2014-12-05.txt
5,57,86,/home/nitin/Desktop/News/test7_headlines/2014-09-02.txt
5,58,93,/home/nitin/Desktop/News/test7_headlines/2014-12-07.txt
5,59,22,/home/nitin/Desktop/News/test7_headlines/2014-09-17.txt
5,60,33,/home/nitin/Desktop/News/test7_headlines/2014-10-18.txt
5,61,64,/home/nitin/Desktop/News/test7_headlines/2014-11-02.txt
5,62,36,/home/nitin/Desktop/News/test7_headlines/2014-10-19.txt
5,63,75,/home/nitin/Desktop/News/test7_headlines/2014-11-10.txt
5,64,29,/home/nitin/Desktop/News/test7_headlines/2014-12-06.txt
5,65,21,/home/nitin/Desktop/News/test7_headlines/2014-10-13.txt
5,66,95,/home/nitin/Desktop/News/test7_headlines/2014-09-20.txt
5,67,59,/home/nitin/Desktop/News/test7_headlines/2014-10-29.txt
5,68,49,/home/nitin/Desktop/News/test7_headlines/2014-11-20.txt
5,69,71,/home/nitin/Desktop/News/test7_headlines/2014-12-10.txt
5,70,85,/home/nitin/Desktop/News/test7_headlines/2014-09-14.txt
5,71,84,/home/nitin/Desktop/News/test7_headlines/2014-11-09.txt
5,72,15,/home/nitin/Desktop/News/test7_headlines/2014-11-19.txt
5,73,51,/home/nitin/Desktop/News/test7_headlines/2014-11-29.txt
5,74,72,/home/nitin/Desktop/News/test7_headlines/2014-10-15.txt
5,75,4,/home/nitin/Desktop/News/test7_headlines/2014-11-21.txt
5,76,61,/home/nitin/Desktop/News/test7_headlines/2014-10-12.txt
5,77,90,/home/nitin/Desktop/News/test7_headlines/2014-12-14.txt
5,78,65,/home/nitin/Desktop/News/test7_headlines/2014-10-30.txt
5,79,42,/home/nitin/Desktop/News/test7_headlines/2014-12-13.txt
5,80,54,/home/nitin/Desktop/News/test7_headlines/2014-09-13.txt
5,81,40,/home/nitin/Desktop/News/test7_headlines/2014-11-28.txt
5,82,17,/home/nitin/Desktop/News/test7_headlines/2014-10-20.txt
5,83,55,/home/nitin/Desktop/News/test7_headlines/2014-11-17.txt
5,84,77,/home/nitin/Desktop/News/test7_headlines/2014-09-11.txt
5,85,50,/home/nitin/Desktop/News/test7_headlines/2014-09-26.txt
5,86,46,/home/nitin/Desktop/News/test7_headlines/2014-11-22.txt
5,87,25,/home/nitin/Desktop/News/test7_headlines/2014-10-14.txt
5,88,82,/home/nitin/Desktop/News/test7_headlines/2014-10-24.txt
5,89,79,/home/nitin/Desktop/News/test7_headlines/2014-12-15.txt
5,90,18,/home/nitin/Desktop/News/test7_headlines/2014-10-21.txt
5,91,6,/home/nitin/Desktop/News/test7_headlines/2014-10-16.txt
5,92,13,/home/nitin/Desktop/News/test7_headlines/2014-09-01.txt
5,93,44,/home/nitin/Desktop/News/test7_headlines/2014-09-03.txt
5,94,24,/home/nitin/Desktop/News/test7_headlines/2014-10-23.txt
5,95,35,/home/nitin/Desktop/News/test7_headlines/2014-10-22.txt
5,96,9,/home/nitin/Desktop/News/test7_headlines/2014-11-18.txt
5,97,20,/home/nitin/Desktop/News/test7_headlines/2014-09-04.txt
6,1,60,/home/nitin/Desktop/News/test7_headlines/2014-12-02.txt
6,2,34,/home/nitin/Desktop/News/test7_headlines/2014-12-04.txt
6,3,26,/home/nitin/Desktop/News/test7_headlines/2014-12-05.txt
6,4,66,/home/nitin/Desktop/News/test7_headlines/2014-12-03.txt
6,5,8,/home/nitin/Desktop/News/test7_headlines/2014-12-01.txt
6,6,74,/home/nitin/Desktop/News/test7_headlines/2014-12-11.txt
6,7,57,/home/nitin/Desktop/News/test7_headlines/2014-12-08.txt
6,8,29,/home/nitin/Desktop/News/test7_headlines/2014-12-06.txt
6,9,68,/home/nitin/Desktop/News/test7_headlines/2014-12-09.txt
6,10,27,/home/nitin/Desktop/News/test7_headlines/2014-12-12.txt
6,11,71,/home/nitin/Desktop/News/test7_headlines/2014-12-10.txt
6,12,28,/home/nitin/Desktop/News/test7_headlines/2014-11-30.txt
6,13,93,/home/nitin/Desktop/News/test7_headlines/2014-12-07.txt
6,14,12,/home/nitin/Desktop/News/test7_headlines/2014-11-06.txt
6,15,96,/home/nitin/Desktop/News/test7_headlines/2014-11-11.txt
6,16,16,/home/nitin/Desktop/News/test7_headlines/2014-11-13.txt
6,17,51,/home/nitin/Desktop/News/test7_headlines/2014-11-29.txt
6,18,5,/home/nitin/Desktop/News/test7_headlines/2014-11-05.txt
6,19,40,/home/nitin/Desktop/News/test7_headlines/2014-11-28.txt
6,20,30,/home/nitin/Desktop/News/test7_headlines/2014-09-30.txt
6,21,42,/home/nitin/Desktop/News/test7_headlines/2014-12-13.txt
6,22,7,/home/nitin/Desktop/News/test7_headlines/2014-11-04.txt
6,23,91,/home/nitin/Desktop/News/test7_headlines/2014-11-14.txt
6,24,70,/home/nitin/Desktop/News/test7_headlines/2014-10-01.txt
6,25,32,/home/nitin/Desktop/News/test7_headlines/2014-11-03.txt
6,26,89,/home/nitin/Desktop/News/test7_headlines/2014-11-12.txt
6,27,76,/home/nitin/Desktop/News/test7_headlines/2014-09-25.txt
6,28,73,/home/nitin/Desktop/News/test7_headlines/2014-09-23.txt
6,29,31,/home/nitin/Desktop/News/test7_headlines/2014-11-07.txt
6,30,14,/home/nitin/Desktop/News/test7_headlines/2014-09-24.txt
6,31,11,/home/nitin/Desktop/News/test7_headlines/2014-09-05.txt
6,32,69,/home/nitin/Desktop/News/test7_headlines/2014-09-22.txt
6,33,75,/home/nitin/Desktop/News/test7_headlines/2014-11-10.txt
6,34,56,/home/nitin/Desktop/News/test7_headlines/2014-10-28.txt
6,35,97,/home/nitin/Desktop/News/test7_headlines/2014-09-16.txt
6,36,3,/home/nitin/Desktop/News/test7_headlines/2014-10-31.txt
6,37,59,/home/nitin/Desktop/News/test7_headlines/2014-10-29.txt
6,38,84,/home/nitin/Desktop/News/test7_headlines/2014-11-09.txt
6,39,92,/home/nitin/Desktop/News/test7_headlines/2014-11-15.txt
6,40,90,/home/nitin/Desktop/News/test7_headlines/2014-12-14.txt
6,41,45,/home/nitin/Desktop/News/test7_headlines/2014-10-02.txt
6,42,47,/home/nitin/Desktop/News/test7_headlines/2014-11-01.txt
6,43,83,/home/nitin/Desktop/News/test7_headlines/2014-10-27.txt
6,44,81,/home/nitin/Desktop/News/test7_headlines/2014-09-18.txt
6,45,37,/home/nitin/Desktop/News/test7_headlines/2014-09-08.txt
6,46,64,/home/nitin/Desktop/News/test7_headlines/2014-11-02.txt
6,47,49,/home/nitin/Desktop/News/test7_headlines/2014-11-20.txt
6,48,65,/home/nitin/Desktop/News/test7_headlines/2014-10-30.txt
6,49,15,/home/nitin/Desktop/News/test7_headlines/2014-11-19.txt
6,50,22,/home/nitin/Desktop/News/test7_headlines/2014-09-17.txt
6,51,67,/home/nitin/Desktop/News/test7_headlines/2014-10-09.txt
6,52,10,/home/nitin/Desktop/News/test7_headlines/2014-10-10.txt
6,53,52,/home/nitin/Desktop/News/test7_headlines/2014-09-12.txt
6,54,87,/home/nitin/Desktop/News/test7_headlines/2014-11-16.txt
6,55,39,/home/nitin/Desktop/News/test7_headlines/2014-10-07.txt
6,56,2,/home/nitin/Desktop/News/test7_headlines/2014-10-06.txt
6,57,43,/home/nitin/Desktop/News/test7_headlines/2014-10-08.txt
6,58,58,/home/nitin/Desktop/News/test7_headlines/2014-10-03.txt
6,59,88,/home/nitin/Desktop/News/test7_headlines/2014-09-15.txt
6,60,48,/home/nitin/Desktop/News/test7_headlines/2014-10-26.txt
6,61,4,/home/nitin/Desktop/News/test7_headlines/2014-11-21.txt
6,62,1,/home/nitin/Desktop/News/test7_headlines/2014-09-29.txt
6,63,63,/home/nitin/Desktop/News/test7_headlines/2014-09-06.txt
6,64,78,/home/nitin/Desktop/News/test7_headlines/2014-10-25.txt
6,65,53,/home/nitin/Desktop/News/test7_headlines/2014-09-21.txt
6,66,72,/home/nitin/Desktop/News/test7_headlines/2014-10-15.txt
6,67,38,/home/nitin/Desktop/News/test7_headlines/2014-09-09.txt
6,68,94,/home/nitin/Desktop/News/test7_headlines/2014-10-04.txt
6,69,62,/home/nitin/Desktop/News/test7_headlines/2014-09-19.txt
6,70,54,/home/nitin/Desktop/News/test7_headlines/2014-09-13.txt
6,71,17,/home/nitin/Desktop/News/test7_headlines/2014-10-20.txt
6,72,95,/home/nitin/Desktop/News/test7_headlines/2014-09-20.txt
6,73,80,/home/nitin/Desktop/News/test7_headlines/2014-09-28.txt
6,74,41,/home/nitin/Desktop/News/test7_headlines/2014-10-05.txt
6,75,21,/home/nitin/Desktop/News/test7_headlines/2014-10-13.txt
6,76,36,/home/nitin/Desktop/News/test7_headlines/2014-10-19.txt
6,77,55,/home/nitin/Desktop/News/test7_headlines/2014-11-17.txt
6,78,46,/home/nitin/Desktop/News/test7_headlines/2014-11-22.txt
6,79,86,/home/nitin/Desktop/News/test7_headlines/2014-09-02.txt
6,80,79,/home/nitin/Desktop/News/test7_headlines/2014-12-15.txt
6,81,23,/home/nitin/Desktop/News/test7_headlines/2014-10-11.txt
6,82,77,/home/nitin/Desktop/News/test7_headlines/2014-09-11.txt
6,83,85,/home/nitin/Desktop/News/test7_headlines/2014-09-14.txt
6,84,33,/home/nitin/Desktop/News/test7_headlines/2014-10-18.txt
6,85,82,/home/nitin/Desktop/News/test7_headlines/2014-10-24.txt
6,86,61,/home/nitin/Desktop/News/test7_headlines/2014-10-12.txt
6,87,25,/home/nitin/Desktop/News/test7_headlines/2014-10-14.txt
6,88,19,/home/nitin/Desktop/News/test7_headlines/2014-09-27.txt
6,89,6,/home/nitin/Desktop/News/test7_headlines/2014-10-16.txt
6,90,50,/home/nitin/Desktop/News/test7_headlines/2014-09-26.txt
6,91,18,/home/nitin/Desktop/News/test7_headlines/2014-10-21.txt
6,92,35,/home/nitin/Desktop/News/test7_headlines/2014-10-22.txt
6,93,24,/home/nitin/Desktop/News/test7_headlines/2014-10-23.txt
6,94,13,/home/nitin/Desktop/News/test7_headlines/2014-09-01.txt
6,95,9,/home/nitin/Desktop/News/test7_headlines/2014-11-18.txt
6,96,20,/home/nitin/Desktop/News/test7_headlines/2014-09-04.txt
6,97,44,/home/nitin/Desktop/News/test7_headlines/2014-09-03.txt
7,1,27,/home/nitin/Desktop/News/test7_headlines/2014-12-12.txt
7,2,68,/home/nitin/Desktop/News/test7_headlines/2014-12-09.txt
7,3,74,/home/nitin/Desktop/News/test7_headlines/2014-12-11.txt
7,4,57,/home/nitin/Desktop/News/test7_headlines/2014-12-08.txt
7,5,71,/home/nitin/Desktop/News/test7_headlines/2014-12-10.txt
7,6,93,/home/nitin/Desktop/News/test7_headlines/2014-12-07.txt
7,7,42,/home/nitin/Desktop/News/test7_headlines/2014-12-13.txt
7,8,52,/home/nitin/Desktop/News/test7_headlines/2014-09-12.txt
7,9,26,/home/nitin/Desktop/News/test7_headlines/2014-12-05.txt
7,10,90,/home/nitin/Desktop/News/test7_headlines/2014-12-14.txt
7,11,29,/home/nitin/Desktop/News/test7_headlines/2014-12-06.txt
7,12,88,/home/nitin/Desktop/News/test7_headlines/2014-09-15.txt
7,13,11,/home/nitin/Desktop/News/test7_headlines/2014-09-05.txt
7,14,54,/home/nitin/Desktop/News/test7_headlines/2014-09-13.txt
7,15,97,/home/nitin/Desktop/News/test7_headlines/2014-09-16.txt
7,16,63,/home/nitin/Desktop/News/test7_headlines/2014-09-06.txt
7,17,37,/home/nitin/Desktop/News/test7_headlines/2014-09-08.txt
7,18,85,/home/nitin/Desktop/News/test7_headlines/2014-09-14.txt
7,19,38,/home/nitin/Desktop/News/test7_headlines/2014-09-09.txt
7,20,5,/home/nitin/Desktop/News/test7_headlines/2014-11-05.txt
7,21,66,/home/nitin/Desktop/News/test7_headlines/2014-12-03.txt
7,22,34,/home/nitin/Desktop/News/test7_headlines/2014-12-04.txt
7,23,81,/home/nitin/Desktop/News/test7_headlines/2014-09-18.txt
7,24,7,/home/nitin/Desktop/News/test7_headlines/2014-11-04.txt
7,25,96,/home/nitin/Desktop/News/test7_headlines/2014-11-11.txt
7,26,62,/home/nitin/Desktop/News/test7_headlines/2014-09-19.txt
7,27,60,/home/nitin/Desktop/News/test7_headlines/2014-12-02.txt
7,28,58,/home/nitin/Desktop/News/test7_headlines/2014-10-03.txt
7,29,12,/home/nitin/Desktop/News/test7_headlines/2014-11-06.txt
7,30,78,/home/nitin/Desktop/News/test7_headlines/2014-10-25.txt
7,31,76,/home/nitin/Desktop/News/test7_headlines/2014-09-25.txt
7,32,91,/home/nitin/Desktop/News/test7_headlines/2014-11-14.txt
7,33,48,/home/nitin/Desktop/News/test7_headlines/2014-10-26.txt
7,34,41,/home/nitin/Desktop/News/test7_headlines/2014-10-05.txt
7,35,67,/home/nitin/Desktop/News/test7_headlines/2014-10-09.txt
7,36,2,/home/nitin/Desktop/News/test7_headlines/2014-10-06.txt
7,37,39,/home/nitin/Desktop/News/test7_headlines/2014-10-07.txt
7,38,16,/home/nitin/Desktop/News/test7_headlines/2014-11-13.txt
7,39,8,/home/nitin/Desktop/News/test7_headlines/2014-12-01.txt
7,40,10,/home/nitin/Desktop/News/test7_headlines/2014-10-10.txt
7,41,1,/home/nitin/Desktop/News/test7_headlines/2014-09-29.txt
7,42,15,/home/nitin/Desktop/News/test7_headlines/2014-11-19.txt
7,43,69,/home/nitin/Desktop/News/test7_headlines/2014-09-22.txt
7,44,49,/home/nitin/Desktop/News/test7_headlines/2014-11-20.txt
7,45,94,/home/nitin/Desktop/News/test7_headlines/2014-10-04.txt
7,46,45,/home/nitin/Desktop/News/test7_headlines/2014-10-02.txt
7,47,14,/home/nitin/Desktop/News/test7_headlines/2014-09-24.txt
7,48,87,/home/nitin/Desktop/News/test7_headlines/2014-11-16.txt
7,49,53,/home/nitin/Desktop/News/test7_headlines/2014-09-21.txt
7,50,28,/home/nitin/Desktop/News/test7_headlines/2014-11-30.txt
7,51,22,/home/nitin/Desktop/News/test7_headlines/2014-09-17.txt
7,52,73,/home/nitin/Desktop/News/test7_headlines/2014-09-23.txt
7,53,89,/home/nitin/Desktop/News/test7_headlines/2014-11-12.txt
7,54,32,/home/nitin/Desktop/News/test7_headlines/2014-11-03.txt
7,55,31,/home/nitin/Desktop/News/test7_headlines/2014-11-07.txt
7,56,95,/home/nitin/Desktop/News/test7_headlines/2014-09-20.txt
7,57,80,/home/nitin/Desktop/News/test7_headlines/2014-09-28.txt
7,58,43,/home/nitin/Desktop/News/test7_headlines/2014-10-08.txt
7,59,56,/home/nitin/Desktop/News/test7_headlines/2014-10-28.txt
7,60,30,/home/nitin/Desktop/News/test7_headlines/2014-09-30.txt
7,61,79,/home/nitin/Desktop/News/test7_headlines/2014-12-15.txt
7,62,59,/home/nitin/Desktop/News/test7_headlines/2014-10-29.txt
7,63,72,/home/nitin/Desktop/News/test7_headlines/2014-10-15.txt
7,64,51,/home/nitin/Desktop/News/test7_headlines/2014-11-29.txt
7,65,40,/home/nitin/Desktop/News/test7_headlines/2014-11-28.txt
7,66,83,/home/nitin/Desktop/News/test7_headlines/2014-10-27.txt
7,67,75,/home/nitin/Desktop/News/test7_headlines/2014-11-10.txt
7,68,77,/home/nitin/Desktop/News/test7_headlines/2014-09-11.txt
7,69,70,/home/nitin/Desktop/News/test7_headlines/2014-10-01.txt
7,70,64,/home/nitin/Desktop/News/test7_headlines/2014-11-02.txt
7,71,92,/home/nitin/Desktop/News/test7_headlines/2014-11-15.txt
7,72,3,/home/nitin/Desktop/News/test7_headlines/2014-10-31.txt
7,73,82,/home/nitin/Desktop/News/test7_headlines/2014-10-24.txt
7,74,4,/home/nitin/Desktop/News/test7_headlines/2014-11-21.txt
7,75,47,/home/nitin/Desktop/News/test7_headlines/2014-11-01.txt
7,76,61,/home/nitin/Desktop/News/test7_headlines/2014-10-12.txt
7,77,84,/home/nitin/Desktop/News/test7_headlines/2014-11-09.txt
7,78,65,/home/nitin/Desktop/News/test7_headlines/2014-10-30.txt
7,79,21,/home/nitin/Desktop/News/test7_headlines/2014-10-13.txt
7,80,23,/home/nitin/Desktop/News/test7_headlines/2014-10-11.txt
7,81,33,/home/nitin/Desktop/News/test7_headlines/2014-10-18.txt
7,82,36,/home/nitin/Desktop/News/test7_headlines/2014-10-19.txt
7,83,86,/home/nitin/Desktop/News/test7_headlines/2014-09-02.txt
7,84,46,/home/nitin/Desktop/News/test7_headlines/2014-11-22.txt
7,85,19,/home/nitin/Desktop/News/test7_headlines/2014-09-27.txt
7,86,55,/home/nitin/Desktop/News/test7_headlines/2014-11-17.txt
7,87,25,/home/nitin/Desktop/News/test7_headlines/2014-10-14.txt
7,88,17,/home/nitin/Desktop/News/test7_headlines/2014-10-20.txt
7,89,6,/home/nitin/Desktop/News/test7_headlines/2014-10-16.txt
7,90,50,/home/nitin/Desktop/News/test7_headlines/2014-09-26.txt
7,91,13,/home/nitin/Desktop/News/test7_headlines/2014-09-01.txt
7,92,18,/home/nitin/Desktop/News/test7_headlines/2014-10-21.txt
7,93,24,/home/nitin/Desktop/News/test7_headlines/2014-10-23.txt
7,94,35,/home/nitin/Desktop/News/test7_headlines/2014-10-22.txt
7,95,44,/home/nitin/Desktop/News/test7_headlines/2014-09-03.txt
7,96,9,/home/nitin/Desktop/News/test7_headlines/2014-11-18.txt
7,97,20,/home/nitin/Desktop/News/test7_headlines/2014-09-04.txt
8,1,14,/home/nitin/Desktop/News/test7_headlines/2014-09-24.txt
8,2,76,/home/nitin/Desktop/News/test7_headlines/2014-09-25.txt
8,3,11,/home/nitin/Desktop/News/test7_headlines/2014-09-05.txt
8,4,73,/home/nitin/Desktop/News/test7_headlines/2014-09-23.txt
8,5,63,/home/nitin/Desktop/News/test7_headlines/2014-09-06.txt
8,6,37,/home/nitin/Desktop/News/test7_headlines/2014-09-08.txt
8,7,69,/home/nitin/Desktop/News/test7_headlines/2014-09-22.txt
8,8,38,/home/nitin/Desktop/News/test7_headlines/2014-09-09.txt
8,9,52,/home/nitin/Desktop/News/test7_headlines/2014-09-12.txt
8,10,62,/home/nitin/Desktop/News/test7_headlines/2014-09-19.txt
8,11,67,/home/nitin/Desktop/News/test7_headlines/2014-10-09.txt
8,12,56,/home/nitin/Desktop/News/test7_headlines/2014-10-28.txt
8,13,45,/home/nitin/Desktop/News/test7_headlines/2014-10-02.txt
8,14,27,/home/nitin/Desktop/News/test7_headlines/2014-12-12.txt
8,15,81,/home/nitin/Desktop/News/test7_headlines/2014-09-18.txt
8,16,83,/home/nitin/Desktop/News/test7_headlines/2014-10-27.txt
8,17,74,/home/nitin/Desktop/News/test7_headlines/2014-12-11.txt
8,18,70,/home/nitin/Desktop/News/test7_headlines/2014-10-01.txt
8,19,97,/home/nitin/Desktop/News/test7_headlines/2014-09-16.txt
8,20,34,/home/nitin/Desktop/News/test7_headlines/2014-12-04.txt
8,21,30,/home/nitin/Desktop/News/test7_headlines/2014-09-30.txt
8,22,96,/home/nitin/Desktop/News/test7_headlines/2014-11-11.txt
8,23,8,/home/nitin/Desktop/News/test7_headlines/2014-12-01.txt
8,24,68,/home/nitin/Desktop/News/test7_headlines/2014-12-09.txt
8,25,1,/home/nitin/Desktop/News/test7_headlines/2014-09-29.txt
8,26,88,/home/nitin/Desktop/News/test7_headlines/2014-09-15.txt
8,27,10,/home/nitin/Desktop/News/test7_headlines/2014-10-10.txt
8,28,58,/home/nitin/Desktop/News/test7_headlines/2014-10-03.txt
8,29,12,/home/nitin/Desktop/News/test7_headlines/2014-11-06.txt
8,30,5,/home/nitin/Desktop/News/test7_headlines/2014-11-05.txt
8,31,60,/home/nitin/Desktop/News/test7_headlines/2014-12-02.txt
8,32,16,/home/nitin/Desktop/News/test7_headlines/2014-11-13.txt
8,33,66,/home/nitin/Desktop/News/test7_headlines/2014-12-03.txt
8,34,57,/home/nitin/Desktop/News/test7_headlines/2014-12-08.txt
8,35,53,/home/nitin/Desktop/News/test7_headlines/2014-09-21.txt
8,36,26,/home/nitin/Desktop/News/test7_headlines/2014-12-05.txt
8,37,22,/home/nitin/Desktop/News/test7_headlines/2014-09-17.txt
8,38,39,/home/nitin/Desktop/News/test7_headlines/2014-10-07.txt
8,39,59,/home/nitin/Desktop/News/test7_headlines/2014-10-29.txt
8,40,91,/home/nitin/Desktop/News/test7_headlines/2014-11-14.txt
8,41,7,/home/nitin/Desktop/News/test7_headlines/2014-11-04.txt
8,42,71,/home/nitin/Desktop/News/test7_headlines/2014-12-10.txt
8,43,80,/home/nitin/Desktop/News/test7_headlines/2014-09-28.txt
8,44,43,/home/nitin/Desktop/News/test7_headlines/2014-10-08.txt
8,45,95,/home/nitin/Desktop/News/test7_headlines/2014-09-20.txt
8,46,42,/home/nitin/Desktop/News/test7_headlines/2014-12-13.txt
8,47,2,/home/nitin/Desktop/News/test7_headlines/2014-10-06.txt
8,48,49,/home/nitin/Desktop/News/test7_headlines/2014-11-20.txt
8,49,31,/home/nitin/Desktop/News/test7_headlines/2014-11-07.txt
8,50,29,/home/nitin/Desktop/News/test7_headlines/2014-12-06.txt
8,51,28,/home/nitin/Desktop/News/test7_headlines/2014-11-30.txt
8,52,89,/home/nitin/Desktop/News/test7_headlines/2014-11-12.txt
8,53,65,/home/nitin/Desktop/News/test7_headlines/2014-10-30.txt
8,54,54,/home/nitin/Desktop/News/test7_headlines/2014-09-13.txt
8,55,15,/home/nitin/Desktop/News/test7_headlines/2014-11-19.txt
8,56,32,/home/nitin/Desktop/News/test7_headlines/2014-11-03.txt
8,57,85,/home/nitin/Desktop/News/test7_headlines/2014-09-14.txt
8,58,94,/home/nitin/Desktop/News/test7_headlines/2014-10-04.txt
8,59,48,/home/nitin/Desktop/News/test7_headlines/2014-10-26.txt
8,60,78,/home/nitin/Desktop/News/test7_headlines/2014-10-25.txt
8,61,40,/home/nitin/Desktop/News/test7_headlines/2014-11-28.txt
8,62,75,/home/nitin/Desktop/News/test7_headlines/2014-11-10.txt
8,63,93,/home/nitin/Desktop/News/test7_headlines/2014-12-07.txt
8,64,50,/home/nitin/Desktop/News/test7_headlines/2014-09-26.txt
8,65,51,/home/nitin/Desktop/News/test7_headlines/2014-11-29.txt
8,66,3,/home/nitin/Desktop/News/test7_headlines/2014-10-31.txt
8,67,92,/home/nitin/Desktop/News/test7_headlines/2014-11-15.txt
8,68,72,/home/nitin/Desktop/News/test7_headlines/2014-10-15.txt
8,69,4,/home/nitin/Desktop/News/test7_headlines/2014-11-21.txt
8,70,47,/home/nitin/Desktop/News/test7_headlines/2014-11-01.txt
8,71,41,/home/nitin/Desktop/News/test7_headlines/2014-10-05.txt
8,72,17,/home/nitin/Desktop/News/test7_headlines/2014-10-20.txt
8,73,90,/home/nitin/Desktop/News/test7_headlines/2014-12-14.txt
8,74,21,/home/nitin/Desktop/News/test7_headlines/2014-10-13.txt
8,75,86,/home/nitin/Desktop/News/test7_headlines/2014-09-02.txt
8,76,77,/home/nitin/Desktop/News/test7_headlines/2014-09-11.txt
8,77,87,/home/nitin/Desktop/News/test7_headlines/2014-11-16.txt
8,78,64,/home/nitin/Desktop/News/test7_headlines/2014-11-02.txt
8,79,19,/home/nitin/Desktop/News/test7_headlines/2014-09-27.txt
8,80,84,/home/nitin/Desktop/News/test7_headlines/2014-11-09.txt
8,81,36,/home/nitin/Desktop/News/test7_headlines/2014-10-19.txt
8,82,25,/home/nitin/Desktop/News/test7_headlines/2014-10-14.txt
8,83,46,/home/nitin/Desktop/News/test7_headlines/2014-11-22.txt
8,84,55,/home/nitin/Desktop/News/test7_headlines/2014-11-17.txt
8,85,61,/home/nitin/Desktop/News/test7_headlines/2014-10-12.txt
8,86,23,/home/nitin/Desktop/News/test7_headlines/2014-10-11.txt
8,87,79,/home/nitin/Desktop/News/test7_headlines/2014-12-15.txt
8,88,33,/home/nitin/Desktop/News/test7_headlines/2014-10-18.txt
8,89,6,/home/nitin/Desktop/News/test7_headlines/2014-10-16.txt
8,90,82,/home/nitin/Desktop/News/test7_headlines/2014-10-24.txt
8,91,18,/home/nitin/Desktop/News/test7_headlines/2014-10-21.txt
8,92,13,/home/nitin/Desktop/News/test7_headlines/2014-09-01.txt
8,93,24,/home/nitin/Desktop/News/test7_headlines/2014-10-23.txt
8,94,35,/home/nitin/Desktop/News/test7_headlines/2014-10-22.txt
8,95,44,/home/nitin/Desktop/News/test7_headlines/2014-09-03.txt
8,96,9,/home/nitin/Desktop/News/test7_headlines/2014-11-18.txt
8,97,20,/home/nitin/Desktop/News/test7_headlines/2014-09-04.txt
9,1,56,/home/nitin/Desktop/News/test7_headlines/2014-10-28.txt
9,2,52,/home/nitin/Desktop/News/test7_headlines/2014-09-12.txt
9,3,37,/home/nitin/Desktop/News/test7_headlines/2014-09-08.txt
9,4,97,/home/nitin/Desktop/News/test7_headlines/2014-09-16.txt
9,5,11,/home/nitin/Desktop/News/test7_headlines/2014-09-05.txt
9,6,67,/home/nitin/Desktop/News/test7_headlines/2014-10-09.txt
9,7,88,/home/nitin/Desktop/News/test7_headlines/2014-09-15.txt
9,8,81,/home/nitin/Desktop/News/test7_headlines/2014-09-18.txt
9,9,38,/home/nitin/Desktop/News/test7_headlines/2014-09-09.txt
9,10,73,/home/nitin/Desktop/News/test7_headlines/2014-09-23.txt
9,11,76,/home/nitin/Desktop/News/test7_headlines/2014-09-25.txt
9,12,10,/home/nitin/Desktop/News/test7_headlines/2014-10-10.txt
9,13,74,/home/nitin/Desktop/News/test7_headlines/2014-12-11.txt
9,14,59,/home/nitin/Desktop/News/test7_headlines/2014-10-29.txt
9,15,69,/home/nitin/Desktop/News/test7_headlines/2014-09-22.txt
9,16,83,/home/nitin/Desktop/News/test7_headlines/2014-10-27.txt
9,17,43,/home/nitin/Desktop/News/test7_headlines/2014-10-08.txt
9,18,14,/home/nitin/Desktop/News/test7_headlines/2014-09-24.txt
9,19,96,/home/nitin/Desktop/News/test7_headlines/2014-11-11.txt
9,20,27,/home/nitin/Desktop/News/test7_headlines/2014-12-12.txt
9,21,5,/home/nitin/Desktop/News/test7_headlines/2014-11-05.txt
9,22,22,/home/nitin/Desktop/News/test7_headlines/2014-09-17.txt
9,23,62,/home/nitin/Desktop/News/test7_headlines/2014-09-19.txt
9,24,34,/home/nitin/Desktop/News/test7_headlines/2014-12-04.txt
9,25,32,/home/nitin/Desktop/News/test7_headlines/2014-11-03.txt
9,26,39,/home/nitin/Desktop/News/test7_headlines/2014-10-07.txt
9,27,63,/home/nitin/Desktop/News/test7_headlines/2014-09-06.txt
9,28,30,/home/nitin/Desktop/News/test7_headlines/2014-09-30.txt
9,29,7,/home/nitin/Desktop/News/test7_headlines/2014-11-04.txt
9,30,45,/home/nitin/Desktop/News/test7_headlines/2014-10-02.txt
9,31,16,/home/nitin/Desktop/News/test7_headlines/2014-11-13.txt
9,32,66,/home/nitin/Desktop/News/test7_headlines/2014-12-03.txt
9,33,68,/home/nitin/Desktop/News/test7_headlines/2014-12-09.txt
9,34,12,/home/nitin/Desktop/News/test7_headlines/2014-11-06.txt
9,35,70,/home/nitin/Desktop/News/test7_headlines/2014-10-01.txt
9,36,57,/home/nitin/Desktop/News/test7_headlines/2014-12-08.txt
9,37,60,/home/nitin/Desktop/News/test7_headlines/2014-12-02.txt
9,38,71,/home/nitin/Desktop/News/test7_headlines/2014-12-10.txt
9,39,2,/home/nitin/Desktop/News/test7_headlines/2014-10-06.txt
9,40,54,/home/nitin/Desktop/News/test7_headlines/2014-09-13.txt
9,41,3,/home/nitin/Desktop/News/test7_headlines/2014-10-31.txt
9,42,58,/home/nitin/Desktop/News/test7_headlines/2014-10-03.txt
9,43,65,/home/nitin/Desktop/News/test7_headlines/2014-10-30.txt
9,44,91,/home/nitin/Desktop/News/test7_headlines/2014-11-14.txt
9,45,8,/home/nitin/Desktop/News/test7_headlines/2014-12-01.txt
9,46,1,/home/nitin/Desktop/News/test7_headlines/2014-09-29.txt
9,47,89,/home/nitin/Desktop/News/test7_headlines/2014-11-12.txt
9,48,26,/home/nitin/Desktop/News/test7_headlines/2014-12-05.txt
9,49,49,/home/nitin/Desktop/News/test7_headlines/2014-11-20.txt
9,50,78,/home/nitin/Desktop/News/test7_headlines/2014-10-25.txt
9,51,85,/home/nitin/Desktop/News/test7_headlines/2014-09-14.txt
9,52,75,/home/nitin/Desktop/News/test7_headlines/2014-11-10.txt
9,53,47,/home/nitin/Desktop/News/test7_headlines/2014-11-01.txt
9,54,42,/home/nitin/Desktop/News/test7_headlines/2014-12-13.txt
9,55,95,/home/nitin/Desktop/News/test7_headlines/2014-09-20.txt
9,56,40,/home/nitin/Desktop/News/test7_headlines/2014-11-28.txt
9,57,21,/home/nitin/Desktop/News/test7_headlines/2014-10-13.txt
9,58,15,/home/nitin/Desktop/News/test7_headlines/2014-11-19.txt
9,59,77,/home/nitin/Desktop/News/test7_headlines/2014-09-11.txt
9,60,64,/home/nitin/Desktop/News/test7_headlines/2014-11-02.txt
9,61,86,/home/nitin/Desktop/News/test7_headlines/2014-09-02.txt
9,62,31,/home/nitin/Desktop/News/test7_headlines/2014-11-07.txt
9,63,92,/home/nitin/Desktop/News/test7_headlines/2014-11-15.txt
9,64,53,/home/nitin/Desktop/News/test7_headlines/2014-09-21.txt
9,65,94,/home/nitin/Desktop/News/test7_headlines/2014-10-04.txt
9,66,29,/home/nitin/Desktop/News/test7_headlines/2014-12-06.txt
9,67,72,/home/nitin/Desktop/News/test7_headlines/2014-10-15.txt
9,68,80,/home/nitin/Desktop/News/test7_headlines/2014-09-28.txt
9,69,90,/home/nitin/Desktop/News/test7_headlines/2014-12-14.txt
9,70,23,/home/nitin/Desktop/News/test7_headlines/2014-10-11.txt
9,71,93,/home/nitin/Desktop/News/test7_headlines/2014-12-07.txt
9,72,4,/home/nitin/Desktop/News/test7_headlines/2014-11-21.txt
9,73,28,/home/nitin/Desktop/News/test7_headlines/2014-11-30.txt
9,74,25,/home/nitin/Desktop/News/test7_headlines/2014-10-14.txt
9,75,48,/home/nitin/Desktop/News/test7_headlines/2014-10-26.txt
9,76,41,/home/nitin/Desktop/News/test7_headlines/2014-10-05.txt
9,77,51,/home/nitin/Desktop/News/test7_headlines/2014-11-29.txt
9,78,87,/home/nitin/Desktop/News/test7_headlines/2014-11-16.txt
9,79,17,/home/nitin/Desktop/News/test7_headlines/2014-10-20.txt
9,80,84,/home/nitin/Desktop/News/test7_headlines/2014-11-09.txt
9,81,61,/home/nitin/Desktop/News/test7_headlines/2014-10-12.txt
9,82,55,/home/nitin/Desktop/News/test7_headlines/2014-11-17.txt
9,83,36,/home/nitin/Desktop/News/test7_headlines/2014-10-19.txt
9,84,50,/home/nitin/Desktop/News/test7_headlines/2014-09-26.txt
9,85,46,/home/nitin/Desktop/News/test7_headlines/2014-11-22.txt
9,86,82,/home/nitin/Desktop/News/test7_headlines/2014-10-24.txt
9,87,33,/home/nitin/Desktop/News/test7_headlines/2014-10-18.txt
9,88,79,/home/nitin/Desktop/News/test7_headlines/2014-12-15.txt
9,89,6,/home/nitin/Desktop/News/test7_headlines/2014-10-16.txt
9,90,19,/home/nitin/Desktop/News/test7_headlines/2014-09-27.txt
9,91,18,/home/nitin/Desktop/News/test7_headlines/2014-10-21.txt
9,92,35,/home/nitin/Desktop/News/test7_headlines/2014-10-22.txt
9,93,13,/home/nitin/Desktop/News/test7_headlines/2014-09-01.txt
9,94,24,/home/nitin/Desktop/News/test7_headlines/2014-10-23.txt
9,95,20,/home/nitin/Desktop/News/test7_headlines/2014-09-04.txt
9,96,44,/home/nitin/Desktop/News/test7_headlines/2014-09-03.txt
9,97,9,/home/nitin/Desktop/News/test7_headlines/2014-11-18.txt
10,1,62,/home/nitin/Desktop/News/test7_headlines/2014-09-19.txt
10,2,81,/home/nitin/Desktop/News/test7_headlines/2014-09-18.txt
10,3,97,/home/nitin/Desktop/News/test7_headlines/2014-09-16.txt
10,4,73,/home/nitin/Desktop/News/test7_headlines/2014-09-23.txt
10,5,69,/home/nitin/Desktop/News/test7_headlines/2014-09-22.txt
10,6,88,/home/nitin/Desktop/News/test7_headlines/2014-09-15.txt
10,7,22,/home/nitin/Desktop/News/test7_headlines/2014-09-17.txt
10,8,95,/home/nitin/Desktop/News/test7_headlines/2014-09-20.txt
10,9,52,/home/nitin/Desktop/News/test7_headlines/2014-09-12.txt
10,10,53,/home/nitin/Desktop/News/test7_headlines/2014-09-21.txt
10,11,54,/home/nitin/Desktop/News/test7_headlines/2014-09-13.txt
10,12,14,/home/nitin/Desktop/News/test7_headlines/2014-09-24.txt
10,13,37,/home/nitin/Desktop/News/test7_headlines/2014-09-08.txt
10,14,76,/home/nitin/Desktop/News/test7_headlines/2014-09-25.txt
10,15,85,/home/nitin/Desktop/News/test7_headlines/2014-09-14.txt
10,16,38,/home/nitin/Desktop/News/test7_headlines/2014-09-09.txt
10,17,30,/home/nitin/Desktop/News/test7_headlines/2014-09-30.txt
10,18,11,/home/nitin/Desktop/News/test7_headlines/2014-09-05.txt
10,19,2,/home/nitin/Desktop/News/test7_headlines/2014-10-06.txt
10,20,63,/home/nitin/Desktop/News/test7_headlines/2014-09-06.txt
10,21,1,/home/nitin/Desktop/News/test7_headlines/2014-09-29.txt
10,22,67,/home/nitin/Desktop/News/test7_headlines/2014-10-09.txt
10,23,70,/home/nitin/Desktop/News/test7_headlines/2014-10-01.txt
10,24,96,/home/nitin/Desktop/News/test7_headlines/2014-11-11.txt
10,25,77,/home/nitin/Desktop/News/test7_headlines/2014-09-11.txt
10,26,80,/home/nitin/Desktop/News/test7_headlines/2014-09-28.txt
10,27,58,/home/nitin/Desktop/News/test7_headlines/2014-10-03.txt
10,28,43,/home/nitin/Desktop/News/test7_headlines/2014-10-08.txt
10,29,45,/home/nitin/Desktop/News/test7_headlines/2014-10-02.txt
10,30,39,/home/nitin/Desktop/News/test7_headlines/2014-10-07.txt
10,31,94,/home/nitin/Desktop/News/test7_headlines/2014-10-04.txt
10,32,41,/home/nitin/Desktop/News/test7_headlines/2014-10-05.txt
10,33,10,/home/nitin/Desktop/News/test7_headlines/2014-10-10.txt
10,34,34,/home/nitin/Desktop/News/test7_headlines/2014-12-04.txt
10,35,78,/home/nitin/Desktop/News/test7_headlines/2014-10-25.txt
10,36,36,/home/nitin/Desktop/News/test7_headlines/2014-10-19.txt
10,37,27,/home/nitin/Desktop/News/test7_headlines/2014-12-12.txt
10,38,89,/home/nitin/Desktop/News/test7_headlines/2014-11-12.txt
10,39,60,/home/nitin/Desktop/News/test7_headlines/2014-12-02.txt
10,40,42,/home/nitin/Desktop/News/test7_headlines/2014-12-13.txt
10,41,8,/home/nitin/Desktop/News/test7_headlines/2014-12-01.txt
10,42,50,/home/nitin/Desktop/News/test7_headlines/2014-09-26.txt
10,43,86,/home/nitin/Desktop/News/test7_headlines/2014-09-02.txt
10,44,59,/home/nitin/Desktop/News/test7_headlines/2014-10-29.txt
10,45,83,/home/nitin/Desktop/News/test7_headlines/2014-10-27.txt
10,46,91,/home/nitin/Desktop/News/test7_headlines/2014-11-14.txt
10,47,5,/home/nitin/Desktop/News/test7_headlines/2014-11-05.txt
10,48,68,/home/nitin/Desktop/News/test7_headlines/2014-12-09.txt
10,49,16,/home/nitin/Desktop/News/test7_headlines/2014-11-13.txt
10,50,74,/home/nitin/Desktop/News/test7_headlines/2014-12-11.txt
10,51,71,/home/nitin/Desktop/News/test7_headlines/2014-12-10.txt
10,52,66,/home/nitin/Desktop/News/test7_headlines/2014-12-03.txt
10,53,75,/home/nitin/Desktop/News/test7_headlines/2014-11-10.txt
10,54,19,/home/nitin/Desktop/News/test7_headlines/2014-09-27.txt
10,55,7,/home/nitin/Desktop/News/test7_headlines/2014-11-04.txt
10,56,90,/home/nitin/Desktop/News/test7_headlines/2014-12-14.txt
10,57,26,/home/nitin/Desktop/News/test7_headlines/2014-12-05.txt
10,58,17,/home/nitin/Desktop/News/test7_headlines/2014-10-20.txt
10,59,12,/home/nitin/Desktop/News/test7_headlines/2014-11-06.txt
10,60,40,/home/nitin/Desktop/News/test7_headlines/2014-11-28.txt
10,61,21,/home/nitin/Desktop/News/test7_headlines/2014-10-13.txt
10,62,49,/home/nitin/Desktop/News/test7_headlines/2014-11-20.txt
10,63,92,/home/nitin/Desktop/News/test7_headlines/2014-11-15.txt
10,64,93,/home/nitin/Desktop/News/test7_headlines/2014-12-07.txt
10,65,47,/home/nitin/Desktop/News/test7_headlines/2014-11-01.txt
10,66,4,/home/nitin/Desktop/News/test7_headlines/2014-11-21.txt
10,67,72,/home/nitin/Desktop/News/test7_headlines/2014-10-15.txt
10,68,29,/home/nitin/Desktop/News/test7_headlines/2014-12-06.txt
10,69,87,/home/nitin/Desktop/News/test7_headlines/2014-11-16.txt
10,70,56,/home/nitin/Desktop/News/test7_headlines/2014-10-28.txt
10,71,32,/home/nitin/Desktop/News/test7_headlines/2014-11-03.txt
10,72,64,/home/nitin/Desktop/News/test7_headlines/2014-11-02.txt
10,73,23,/home/nitin/Desktop/News/test7_headlines/2014-10-11.txt
10,74,28,/home/nitin/Desktop/News/test7_headlines/2014-11-30.txt
10,75,3,/home/nitin/Desktop/News/test7_headlines/2014-10-31.txt
10,76,31,/home/nitin/Desktop/News/test7_headlines/2014-11-07.txt
10,77,51,/home/nitin/Desktop/News/test7_headlines/2014-11-29.txt
10,78,84,/home/nitin/Desktop/News/test7_headlines/2014-11-09.txt
10,79,48,/home/nitin/Desktop/News/test7_headlines/2014-10-26.txt
10,80,25,/home/nitin/Desktop/News/test7_headlines/2014-10-14.txt
10,81,15,/home/nitin/Desktop/News/test7_headlines/2014-11-19.txt
10,82,46,/home/nitin/Desktop/News/test7_headlines/2014-11-22.txt
10,83,65,/home/nitin/Desktop/News/test7_headlines/2014-10-30.txt
10,84,33,/home/nitin/Desktop/News/test7_headlines/2014-10-18.txt
10,85,57,/home/nitin/Desktop/News/test7_headlines/2014-12-08.txt
10,86,6,/home/nitin/Desktop/News/test7_headlines/2014-10-16.txt
10,87,61,/home/nitin/Desktop/News/test7_headlines/2014-10-12.txt
10,88,18,/home/nitin/Desktop/News/test7_headlines/2014-10-21.txt
10,89,82,/home/nitin/Desktop/News/test7_headlines/2014-10-24.txt
10,90,79,/home/nitin/Desktop/News/test7_headlines/2014-12-15.txt
10,91,55,/home/nitin/Desktop/News/test7_headlines/2014-11-17.txt
10,92,35,/home/nitin/Desktop/News/test7_headlines/2014-10-22.txt
10,93,24,/home/nitin/Desktop/News/test7_headlines/2014-10-23.txt
10,94,13,/home/nitin/Desktop/News/test7_headlines/2014-09-01.txt
10,95,20,/home/nitin/Desktop/News/test7_headlines/2014-09-04.txt
10,96,44,/home/nitin/Desktop/News/test7_headlines/2014-09-03.txt
10,97,9,/home/nitin/Desktop/News/test7_headlines/2014-11-18.txt
